rsID,Risk_allele,Freq,OR(95%CI),P,Subtype
rs6964823,A,NA,0.83,5.56E-05,ALL
rs4132601,G,NA ,1.43,8.26E-13,ALL
rs6944602,A,NA,1.42,3.10E-09,ALL
rs3779084,C,NA ,1.3,2.44E-06,ALL
rs880028,C,NA,1.28,8.69E-06,ALL
rs7809758,G,NA ,1.32,1.48E-07,ALL
rs7073837,A,NA,1.3,1.50E-08,ALL
rs10740055,A,NA ,0.76,8.95E-09,ALL
rs7089424,G,NA,1.42,1.98E-13,ALL
rs2239633,T,NA ,0.74,4.00E-10,ALL
rs10873876,T,NA,1.19,5.47E-03,ALL
rs6428370,G,NA ,1.12,0.03,ALL
rs7554607,G,NA,1.05,0.34,ALL
rs1881797,C,NA ,0.98,0.76,ALL
rs12621643,T,NA,1.1,0.06,ALL
rs9290663,T,NA ,1.18,6.90E-03,ALL
rs11155133,G,NA,1.28,0.28,ALL
rs11978267,G,NA ,1.44,1.07E-12,ALL
rs2242041,G,NA,1.3,8.47E-04,ALL
rs2167364,G,NA ,1.32,1.73E-08,ALL
rs563507,A,NA,1.23,0.046,ALL
rs10994982,A,NA ,1.25,1.39E-06,ALL
rs10821936,C,NA,1.46,4.06E-15,ALL
rs10849033,G,NA ,1.43,0.046,ALL
rs2089222,A,NA,1.02,0.87,ALL
rs1879352,G,NA ,0.99,0.83,ALL
rs2191566,C,NA,0.99,0.88,ALL
rs6509133,C,NA ,1,0.98,ALL
,,,,,
,,,,,
,,,,,